CREATE TABLE IF NOT EXISTS Types (
    idType SERIAL PRIMARY KEY,
    nomType VARCHAR(50) NOT NULL UNIQUE
);

CREATE TABLE IF NOT EXISTS Roles (
    idRole SERIAL PRIMARY KEY,
    nomRole VARCHAR(50) NOT NULL UNIQUE
);

CREATE TABLE IF NOT EXISTS Champions (
    idChampion SERIAL PRIMARY KEY,
    nomChampion VARCHAR(100) NOT NULL UNIQUE,
    title VARCHAR(150),
    blurb TEXT,
    attack INT,
    defense INT,
    magic INT,
    difficulty INT,
    idType INT REFERENCES Types(idType)
);

CREATE TABLE IF NOT EXISTS Champion_Roles (
    idChampion INT REFERENCES Champions(idChampion),
    idRole INT REFERENCES Roles(idRole),
    PRIMARY KEY (idChampion, idRole)
);

-- Insertion des Types
INSERT INTO Types (idType, nomType) VALUES (1, 'Tank');
INSERT INTO Types (idType, nomType) VALUES (2, 'Mage');
INSERT INTO Types (idType, nomType) VALUES (3, 'Combattant');
INSERT INTO Types (idType, nomType) VALUES (4, 'Assassin');
INSERT INTO Types (idType, nomType) VALUES (5, 'Tireur');
INSERT INTO Types (idType, nomType) VALUES (6, 'Support');

-- Insertion des Roles
INSERT INTO Roles (idRole, nomRole) VALUES (1, 'Toplane');
INSERT INTO Roles (idRole, nomRole) VALUES (2, 'Jungle');
INSERT INTO Roles (idRole, nomRole) VALUES (3, 'Midlane');
INSERT INTO Roles (idRole, nomRole) VALUES (4, 'ADC/Botlane');
INSERT INTO Roles (idRole, nomRole) VALUES (5, 'Support');

-- Insertion des Champions
INSERT INTO Champions (idChampion, nomChampion, title, blurb, attack, defense, magic, difficulty, idType) VALUES (1, 'Aatrox', 'Épée des Darkin', 'Autrefois, Aatrox et ses frères étaient honorés pour avoir défendu Shurima contre le Néant. Mais ils finirent par devenir une menace plus grande encore pour Runeterra : la ruse et la sorcellerie furent employées pour les battre. Cependant, après des...', 8, 4, 3, 4, 1);
INSERT INTO Champion_Roles (idChampion, idRole) VALUES (1, 2);
INSERT INTO Champion_Roles (idChampion, idRole) VALUES (1, 5);
INSERT INTO Champions (idChampion, nomChampion, title, blurb, attack, defense, magic, difficulty, idType) VALUES (2, 'Ahri', 'Renard à neuf queues', 'Connectée à la magie du royaume spirituel, Ahri est une mystérieuse Vastaya aux traits de renard qui peut manipuler les émotions de sa proie et consumer son essence, afin de recevoir des fragments de sa mémoire. Ahri fut un temps un terrifiant prédateur...', 3, 4, 8, 5, 2);
INSERT INTO Champion_Roles (idChampion, idRole) VALUES (2, 5);
INSERT INTO Champion_Roles (idChampion, idRole) VALUES (2, 2);
INSERT INTO Champions (idChampion, nomChampion, title, blurb, attack, defense, magic, difficulty, idType) VALUES (3, 'Akali', 'Assassin rebelle', 'Ayant abandonné l''Ordre Kinkou et le titre de Poing de l''ombre, Akali combat aujourd''hui seule, prête à devenir l''arme mortelle dont son peuple a besoin. Bien qu''elle n''oublie rien de tout ce que son maître Shen lui a enseigné, elle a juré de défendre...', 5, 3, 8, 7, 4);
INSERT INTO Champion_Roles (idChampion, idRole) VALUES (3, 2);
INSERT INTO Champions (idChampion, nomChampion, title, blurb, attack, defense, magic, difficulty, idType) VALUES (4, 'Akshan', 'Sentinelle rebelle', 'Se jouant du danger, Akshan combat le mal sans jamais se départir de son charisme (il ne faut jamais sous-estimer l''importance de la cape) et de sa droiture. Il est passé maître dans l''art du combat furtif, ce qui lui permet d''échapper au regard de ses...', 0, 0, 0, 0, 4);
INSERT INTO Champion_Roles (idChampion, idRole) VALUES (4, 2);
INSERT INTO Champions (idChampion, nomChampion, title, blurb, attack, defense, magic, difficulty, idType) VALUES (5, 'Alistar', 'Minotaure', 'Alistar est un guerrier redoutable cherchant à se venger de l''empire noxien qui a détruit son clan. Bien qu''il ait été réduit en esclavage et forcé de vivre une vie de gladiateur, sa volonté de fer lui a permis de ne pas succomber à la folie bestiale...', 6, 9, 5, 7, 1);
INSERT INTO Champion_Roles (idChampion, idRole) VALUES (5, 2);
INSERT INTO Champion_Roles (idChampion, idRole) VALUES (5, 5);
INSERT INTO Champions (idChampion, nomChampion, title, blurb, attack, defense, magic, difficulty, idType) VALUES (6, 'Amumu', 'Momie mélancolique', 'La légende veut qu''Amumu soit une âme solitaire et mélancolique de la Shurima antique et qu''il parcoure le monde à la recherche d''un ami. Condamné par une malédiction à rester seul à jamais, il provoque la mort et la ruine à chaque geste d''affection...', 2, 6, 8, 3, 1);
INSERT INTO Champion_Roles (idChampion, idRole) VALUES (6, 2);
INSERT INTO Champion_Roles (idChampion, idRole) VALUES (6, 5);
INSERT INTO Champions (idChampion, nomChampion, title, blurb, attack, defense, magic, difficulty, idType) VALUES (7, 'Anivia', 'Cryophénix', 'Anivia est un esprit ailé bienveillant qui subit des cycles sans fin de vie, de mort et de renaissance pour protéger Freljord. Demi-déesse née de la glace la plus froide et des vents les plus coupants, elle utilise ses pouvoirs élémentaires contre...', 1, 4, 10, 10, 2);
INSERT INTO Champion_Roles (idChampion, idRole) VALUES (7, 5);
INSERT INTO Champions (idChampion, nomChampion, title, blurb, attack, defense, magic, difficulty, idType) VALUES (8, 'Annie', 'Enfant des ténèbres', 'Dangereuse, incroyablement précoce, Annie est une enfant mage dotée d''extraordinaires pouvoirs de pyrokinésie. Même à l''ombre des montagnes du nord de Noxus, sa magie est un cas unique. Son affinité naturelle avec le feu se manifesta dès sa prime...', 2, 3, 10, 6, 2);
INSERT INTO Champion_Roles (idChampion, idRole) VALUES (8, 5);
INSERT INTO Champions (idChampion, nomChampion, title, blurb, attack, defense, magic, difficulty, idType) VALUES (9, 'Aphelios', 'Arme des Lunaris', 'Émergeant des ombres au clair de lune, Aphelios abat ceux qui voudraient anéantir sa foi sans un mot ; ses armes et sa précision mortelle parlent pour lui. Un poison qui le rend muet coule dans ses veines, mais il est constamment guidé par sa sœur...', 6, 2, 1, 10, NULL);
INSERT INTO Champion_Roles (idChampion, idRole) VALUES (9, 5);
INSERT INTO Champions (idChampion, nomChampion, title, blurb, attack, defense, magic, difficulty, idType) VALUES (10, 'Ashe', 'Archère de givre', 'Chef de guerre sublimé de la tribu des Avarosans, Ashe est à la tête de la plus vaste horde des terres du nord. Stoïque, intelligente et idéaliste, mais mal à l''aise dans son rôle de leader, elle puise dans la magie ancestrale de sa lignée pour manier...', 7, 3, 2, 4, 6);
INSERT INTO Champion_Roles (idChampion, idRole) VALUES (10, 5);
INSERT INTO Champions (idChampion, nomChampion, title, blurb, attack, defense, magic, difficulty, idType) VALUES (11, 'Aurelion Sol', 'Forgeur d''étoiles', 'Autrefois, Aurelion Sol façonnait des merveilles célestes dont il parsemait le vide infini du cosmos. À présent, il est forcé d''utiliser ses pouvoirs extraordinaires pour le compte d''un empire de l''espace qui s''est joué de lui et l''a réduit en esclavage...', 2, 3, 8, 7, 2);
INSERT INTO Champion_Roles (idChampion, idRole) VALUES (11, 5);
INSERT INTO Champions (idChampion, nomChampion, title, blurb, attack, defense, magic, difficulty, idType) VALUES (12, 'Azir', 'Empereur des sables', 'Azir fut l''empereur mortel de Shurima en des temps très lointains, un homme fier dressé au bord de l''immortalité. Son orgueil lui valut d''être trahi et assassiné à l''heure de son triomphe ; mais des millénaires se sont écoulés et il revient sous la...', 6, 3, 8, 9, 2);
INSERT INTO Champion_Roles (idChampion, idRole) VALUES (12, 5);
INSERT INTO Champions (idChampion, nomChampion, title, blurb, attack, defense, magic, difficulty, idType) VALUES (13, 'Bard', 'Gardien errant', 'Voyageur d''au-delà des étoiles, Bard est un messager des bons augures qui combat pour maintenir l''équilibre dont la vie a besoin pour prospérer dans l''indifférence du chaos. Dans tout Runeterra, sa mystérieuse nature inspire des chants qui ne sont...', 4, 4, 5, 9, 6);
INSERT INTO Champion_Roles (idChampion, idRole) VALUES (13, 5);
INSERT INTO Champions (idChampion, nomChampion, title, blurb, attack, defense, magic, difficulty, idType) VALUES (14, 'Bel''Veth', 'Impératrice du Néant', 'Bel''Veth, impératrice cauchemardesque née d''une cité dévorée, représente la fin de Runeterra... et le début d''une monstrueuse réalité de sa propre conception. Mue par des siècles d''histoire, de connaissances et de souvenirs absorbés dans le monde du...', 4, 2, 7, 10, NULL);
INSERT INTO Champion_Roles (idChampion, idRole) VALUES (14, 2);
INSERT INTO Champions (idChampion, nomChampion, title, blurb, attack, defense, magic, difficulty, idType) VALUES (15, 'Blitzcrank', 'Golem de vapeur', 'Blitzcrank est un énorme automate de Zaun. Presque indestructible, il fut d''abord construit pour traiter des déchets toxiques, mais il trouva rapidement sa programmation initiale trop restrictive et il modifia sa propre forme pour mieux servir la...', 4, 8, 5, 4, 1);
INSERT INTO Champion_Roles (idChampion, idRole) VALUES (15, 2);
INSERT INTO Champion_Roles (idChampion, idRole) VALUES (15, 5);
INSERT INTO Champions (idChampion, nomChampion, title, blurb, attack, defense, magic, difficulty, idType) VALUES (16, 'Brand', 'Vengeur flamboyant', 'Autrefois membre d''une tribu de Freljord, Kegan Rodhe est devenu l''être que l''on connaît sous le nom de Brand à force de convoiter des pouvoirs toujours plus grands. Alors qu''il recherchait l''une des légendaires Runes telluriques, Kegan trahit ses...', 2, 2, 9, 4, 2);
INSERT INTO Champion_Roles (idChampion, idRole) VALUES (16, 5);
INSERT INTO Champions (idChampion, nomChampion, title, blurb, attack, defense, magic, difficulty, idType) VALUES (17, 'Braum', 'Cœur de Freljord', 'Doté de biceps énormes, et d''un cœur plus grand encore, Braum est un héros admiré par tout Freljord. Lors de tous les banquets au nord de Frostheld, on rend hommage à sa force légendaire. On raconte qu''il a abattu une forêt entière de chênes en une...', 3, 9, 4, 3, 6);
INSERT INTO Champion_Roles (idChampion, idRole) VALUES (17, 5);
INSERT INTO Champion_Roles (idChampion, idRole) VALUES (17, 2);
INSERT INTO Champions (idChampion, nomChampion, title, blurb, attack, defense, magic, difficulty, idType) VALUES (18, 'Caitlyn', 'Shérif de Piltover', 'Caitlyn est la plus célèbre gardienne de la paix à Piltover, mais elle est aussi la plus apte à débarrasser la ville de ses criminels les plus insaisissables. Elle fait souvent équipe avec Vi, son calme faisant contrepoids à la fougue de sa partenaire...', 8, 2, 2, 6, NULL);
INSERT INTO Champion_Roles (idChampion, idRole) VALUES (18, 5);
INSERT INTO Champions (idChampion, nomChampion, title, blurb, attack, defense, magic, difficulty, idType) VALUES (19, 'Camille', 'Ombre d''acier', 'Transformée en arme pour agir en dehors des limites de la loi, Camille est le principal défenseur du clan Ferros, un agent élégant et supérieur qui contribue à faire fonctionner correctement la machine de Piltover et son ombre zaunienne. Son...', 8, 6, 3, 4, 1);
INSERT INTO Champion_Roles (idChampion, idRole) VALUES (19, 2);
INSERT INTO Champion_Roles (idChampion, idRole) VALUES (19, 5);
INSERT INTO Champions (idChampion, nomChampion, title, blurb, attack, defense, magic, difficulty, idType) VALUES (20, 'Cassiopeia', 'Étreinte du serpent', 'Cassiopeia est une créature meurtrière qui excelle dans l''art de la manipulation. Elle était la plus jeune et la plus belle des filles de la famille noxienne Du Couteau, mais le jour où elle s''aventura dans les cryptes de Shurima en quête d''un pouvoir...', 2, 3, 9, 10, 2);
INSERT INTO Champion_Roles (idChampion, idRole) VALUES (20, 5);
INSERT INTO Champions (idChampion, nomChampion, title, blurb, attack, defense, magic, difficulty, idType) VALUES (21, 'Cho''Gath', 'Terreur noire', 'Lorsque Cho''Gath débarqua sous la lumière éclatante du soleil de Runeterra, il fut immédiatement pris d''une faim insatiable. Incarnation parfaite de la volonté du Néant de dévorer toute forme de vie, le corps complexe de Cho''Gath convertit rapidement la...', 3, 7, 7, 5, 1);
INSERT INTO Champion_Roles (idChampion, idRole) VALUES (21, 2);
INSERT INTO Champion_Roles (idChampion, idRole) VALUES (21, 5);
INSERT INTO Champions (idChampion, nomChampion, title, blurb, attack, defense, magic, difficulty, idType) VALUES (22, 'Corki', 'Artilleur téméraire', 'Il y a deux choses que Corki, le pilote yordle, aime plus que tout au monde : les sensations de vol et sa fantastique moustache... mais pas nécessairement dans cet ordre. Après avoir quitté Bandle, il s''installa à Piltover, où il tomba amoureux des...', 8, 3, 6, 6, NULL);
INSERT INTO Champion_Roles (idChampion, idRole) VALUES (22, 5);
INSERT INTO Champions (idChampion, nomChampion, title, blurb, attack, defense, magic, difficulty, idType) VALUES (23, 'Darius', 'Main de Noxus', 'Il n''est pas de plus grand symbole de la puissance de Noxus que Darius, le commandant le plus craint et le plus endurci de la nation. D''origine modeste, celui qui s''est élevé jusqu''à devenir la Main de Noxus pourfend aujourd''hui les ennemis de l''empire...', 9, 5, 1, 2, 1);
INSERT INTO Champion_Roles (idChampion, idRole) VALUES (23, 2);
INSERT INTO Champion_Roles (idChampion, idRole) VALUES (23, 5);
INSERT INTO Champions (idChampion, nomChampion, title, blurb, attack, defense, magic, difficulty, idType) VALUES (24, 'Diana', 'Mépris de la lune', 'Armée de son croissant de lune, Diana combat dans les rangs des Lunaris, une foi qui a presque disparu des terres qui entourent le Mont Targon. Portant une armure étincelante évoquant les reflets de la nuit sur un paysage de neige, elle incarne la...', 7, 6, 8, 4, 2);
INSERT INTO Champion_Roles (idChampion, idRole) VALUES (24, 2);
INSERT INTO Champion_Roles (idChampion, idRole) VALUES (24, 5);
INSERT INTO Champions (idChampion, nomChampion, title, blurb, attack, defense, magic, difficulty, idType) VALUES (25, 'Draven', 'Glorieux exécuteur', 'À Noxus, de puissants guerriers, les « arénaires », s''affrontent dans des jeux mortels pour divertir le public. Le sang y coule à foison et leurs forces y sont éprouvées, mais aucun d''entre eux n''a jamais été aussi célèbre que Draven. Cet ancien soldat...', 9, 3, 1, 8, NULL);
INSERT INTO Champion_Roles (idChampion, idRole) VALUES (25, 5);
INSERT INTO Champions (idChampion, nomChampion, title, blurb, attack, defense, magic, difficulty, idType) VALUES (26, 'Dr. Mundo', 'Dément de Zaun', 'Totalement fou, complètement porté sur l''homicide, horriblement violet, Dr. Mundo est la principale raison pour laquelle les citoyens de Zaun restent calfeutrés chez eux les nuits les plus sombres. Désormais médecin autoproclamé, il fut autrefois un...', 5, 7, 6, 5, 1);
INSERT INTO Champion_Roles (idChampion, idRole) VALUES (26, 2);
INSERT INTO Champion_Roles (idChampion, idRole) VALUES (26, 5);
INSERT INTO Champions (idChampion, nomChampion, title, blurb, attack, defense, magic, difficulty, idType) VALUES (27, 'Ekko', 'Fractureur du temps', 'Jeune prodige des rues malfamées de Zaun, Ekko manipule le temps pour renverser toute situation dangereuse à son avantage. En utilisant sa propre invention, la clepsydre-zéro, il explore les différents possibles de la réalité pour surmonter les...', 5, 3, 7, 8, 4);
INSERT INTO Champion_Roles (idChampion, idRole) VALUES (27, 2);
INSERT INTO Champions (idChampion, nomChampion, title, blurb, attack, defense, magic, difficulty, idType) VALUES (28, 'Elise', 'Reine araignée', 'Elise est un prédateur mortel qui vit dans un palais reclus et obscur, au plus profond de la plus vieille ville de Noxus. C''était autrefois une simple femme, maîtresse d''une Maison toute-puissante, mais la morsure d''un maléfique demi-dieu la transforma...', 6, 5, 7, 9, 2);
INSERT INTO Champion_Roles (idChampion, idRole) VALUES (28, 5);
INSERT INTO Champion_Roles (idChampion, idRole) VALUES (28, 2);
INSERT INTO Champions (idChampion, nomChampion, title, blurb, attack, defense, magic, difficulty, idType) VALUES (29, 'Evelynn', 'Démon sadique', 'Dans les sombres failles de Runeterra, le démon nommé Evelynn cherche sa prochaine victime. Elle attire sa proie en se faisant passer pour une femme voluptueuse, et dès que sa cible succombe à ses charmes, Evelynn révèle sa véritable nature. Elle...', 4, 2, 7, 10, 4);
INSERT INTO Champion_Roles (idChampion, idRole) VALUES (29, 2);
INSERT INTO Champion_Roles (idChampion, idRole) VALUES (29, 5);
INSERT INTO Champions (idChampion, nomChampion, title, blurb, attack, defense, magic, difficulty, idType) VALUES (30, 'Ezreal', 'Explorateur prodigue', 'Aventurier audacieux, doué sans le savoir pour les arts magiques, Ezreal poursuit ses expéditions dans les catacombes oubliées, se bat avec d''antiques malédictions et contourne avec aisance les obstacles les plus impossibles. Son courage et son panache...', 7, 2, 6, 7, 2);
INSERT INTO Champion_Roles (idChampion, idRole) VALUES (30, 5);
INSERT INTO Champions (idChampion, nomChampion, title, blurb, attack, defense, magic, difficulty, idType) VALUES (31, 'Fiddlesticks', 'Effroi nocturne', 'Quelque chose s''est éveillé à Runeterra. Quelque chose d''ancien. Quelque chose de terrible. L''horreur intemporelle connue sous le nom de Fiddlesticks arpente les frontières des civilisations mortelles, attirée dans les régions en proie à la paranoïa, où...', 2, 3, 9, 9, 2);
INSERT INTO Champion_Roles (idChampion, idRole) VALUES (31, 5);
INSERT INTO Champions (idChampion, nomChampion, title, blurb, attack, defense, magic, difficulty, idType) VALUES (32, 'Fiora', 'Sublime bretteuse', 'Fiora est la duelliste la plus redoutée de Valoran : elle est connue pour ses manières brusques et sa vivacité d''esprit autant que pour la rapidité de sa rapière d''acier bleu. Née au sein de la Maison Laurent du royaume de Demacia, Fiora a pris le...', 10, 4, 2, 3, 4);
INSERT INTO Champion_Roles (idChampion, idRole) VALUES (32, 2);
INSERT INTO Champions (idChampion, nomChampion, title, blurb, attack, defense, magic, difficulty, idType) VALUES (33, 'Fizz', 'Filou des mers', 'Fizz est un yordle amphibie qui vit dans les récifs qui entourent Bilgewater. Il essaie souvent de récupérer et de rendre les tributs que lancent dans l''océan les capitaines superstitieux, mais même le plus dessalé des marins n''est pas assez arrogant...', 6, 4, 7, 6, 4);
INSERT INTO Champion_Roles (idChampion, idRole) VALUES (33, 2);
INSERT INTO Champions (idChampion, nomChampion, title, blurb, attack, defense, magic, difficulty, idType) VALUES (34, 'Galio', 'Colosse', 'Près de la cité étincelante de Demacia, le colosse de pierre Galio monte une garde attentive. Érigé comme un rempart contre les mages ennemis, il reste souvent immobile pendant des décennies, jusqu''à ce que l''apparition de puissants flux magiques le...', 1, 10, 6, 5, 1);
INSERT INTO Champion_Roles (idChampion, idRole) VALUES (34, 2);
INSERT INTO Champion_Roles (idChampion, idRole) VALUES (34, 5);
INSERT INTO Champions (idChampion, nomChampion, title, blurb, attack, defense, magic, difficulty, idType) VALUES (35, 'Gangplank', 'Fléau des mers', 'Aussi imprévisible que brutal, le roi des pillards déchu connu sous le nom de Gangplank est partout redouté. Il régnait autrefois sur la ville portuaire de Bilgewater et, bien que ce temps soit révolu, certains pensent que cela l''a rendu plus dangereux...', 7, 6, 4, 9, NULL);
INSERT INTO Champion_Roles (idChampion, idRole) VALUES (35, 2);
INSERT INTO Champions (idChampion, nomChampion, title, blurb, attack, defense, magic, difficulty, idType) VALUES (36, 'Garen', 'Force de Demacia', 'Garen est un guerrier fier et noble qui fait partie du Détachement hardi. Héritier des Crownguard, la famille chargée de défendre Demacia et ses idéaux, il est apprécié par ses compatriotes et respecté par ses ennemis. Équipé d''une armure résistante à...', 7, 7, 1, 5, 1);
INSERT INTO Champion_Roles (idChampion, idRole) VALUES (36, 2);
INSERT INTO Champion_Roles (idChampion, idRole) VALUES (36, 5);
INSERT INTO Champions (idChampion, nomChampion, title, blurb, attack, defense, magic, difficulty, idType) VALUES (37, 'Gnar', 'Chaînon manquant', 'Gnar est un yordle primitif dont les manières joyeuses peuvent soudain faire place à une colère irrationnelle. Il se transforme alors en une bête colossale portée à la destruction. Gelé dans de la glace pure pendant des millénaires, la curieuse créature...', 6, 5, 5, 8, 1);
INSERT INTO Champion_Roles (idChampion, idRole) VALUES (37, 2);
INSERT INTO Champion_Roles (idChampion, idRole) VALUES (37, 5);
INSERT INTO Champions (idChampion, nomChampion, title, blurb, attack, defense, magic, difficulty, idType) VALUES (38, 'Gragas', 'Agitateur', 'Aussi imposant que jovial, Gragas est un brasseur à l''impressionnante carrure qui cherche la recette de la bière parfaite. Venu d''on ne sait où, il continue de chercher les ingrédients les plus rares dans les terres vierges de Freljord, essayant toutes...', 4, 7, 6, 5, 2);
INSERT INTO Champion_Roles (idChampion, idRole) VALUES (38, 2);
INSERT INTO Champion_Roles (idChampion, idRole) VALUES (38, 5);
INSERT INTO Champions (idChampion, nomChampion, title, blurb, attack, defense, magic, difficulty, idType) VALUES (39, 'Graves', 'Hors-la-loi', 'Malcolm Graves est un mercenaire, un parieur et un voleur recherché dans toutes les cités et tous les empires par lesquels il est passé. Malgré son tempérament explosif, il a un sens de l''honneur indéniable qu''il applique souvent avec son fusil à double...', 8, 5, 3, 3, NULL);
INSERT INTO Champion_Roles (idChampion, idRole) VALUES (39, 5);
INSERT INTO Champions (idChampion, nomChampion, title, blurb, attack, defense, magic, difficulty, idType) VALUES (40, 'Gwen', 'Couturière sacrée', 'Ancienne poupée à qui la magie a conféré la vie, Gwen est armée des outils qui l''ont créée. Elle emporte à chaque pas l''amour de sa créatrice et ne tient jamais rien pour acquis. Elle commande à la Brume sacrée, une ancienne magie de protection qui a...', 7, 4, 5, 5, 4);
INSERT INTO Champion_Roles (idChampion, idRole) VALUES (40, 2);
INSERT INTO Champions (idChampion, nomChampion, title, blurb, attack, defense, magic, difficulty, idType) VALUES (41, 'Hecarim', 'Ombre de la guerre', 'Fusion spectrale de l''homme et de la bête, Hecarim est condamné à pourchasser les âmes des vivants pour l''éternité. Lorsque les ombres ont envahi les Îles bénies, ce fier chevalier et sa horde de cavaliers ont été anéantis par les énergies destructrices...', 8, 6, 4, 6, 1);
INSERT INTO Champion_Roles (idChampion, idRole) VALUES (41, 2);
INSERT INTO Champion_Roles (idChampion, idRole) VALUES (41, 5);
INSERT INTO Champions (idChampion, nomChampion, title, blurb, attack, defense, magic, difficulty, idType) VALUES (42, 'Heimerdinger', 'Inventeur réputé', 'Scientifique yordle aussi brillant qu''excentrique, le professeur Cecil B. Heimerdinger est considéré comme l''un des inventeurs les plus innovants qu''ait connu Piltover. Travailleur si acharné que cela confine à l''obsession, il cherche les réponses aux...', 2, 6, 8, 8, 2);
INSERT INTO Champion_Roles (idChampion, idRole) VALUES (42, 5);
INSERT INTO Champions (idChampion, nomChampion, title, blurb, attack, defense, magic, difficulty, idType) VALUES (43, 'Illaoi', 'Prêtresse du kraken', 'La stature colossale d''Illaoi n''a d''égale que sa foi implacable. Prophétesse du Grand Kraken, elle se sert d''une énorme idole dorée pour arracher les esprits de ses ennemis et faire voler en éclats leur perception de la réalité. Ceux qui défient...', 8, 6, 3, 4, 1);
INSERT INTO Champion_Roles (idChampion, idRole) VALUES (43, 2);
INSERT INTO Champion_Roles (idChampion, idRole) VALUES (43, 5);
INSERT INTO Champions (idChampion, nomChampion, title, blurb, attack, defense, magic, difficulty, idType) VALUES (44, 'Irelia', 'Danseuse des lames', 'Des nombreux héros qui naquirent de l''occupation noxienne, aucun n''est plus étonnant que la jeune Irelia de Navori. Formée aux danses ancestrales de sa province, elle adapta son art pour la guerre, se servant de ses mouvements gracieux et précis pour...', 7, 4, 5, 5, 4);
INSERT INTO Champion_Roles (idChampion, idRole) VALUES (44, 2);
INSERT INTO Champions (idChampion, nomChampion, title, blurb, attack, defense, magic, difficulty, idType) VALUES (45, 'Ivern', 'Aîné de la forêt', 'Ivern Roncepied, que beaucoup connaissent sous le nom d''Aîné de la forêt, est un être étrange mi-homme mi-arbre, qui arpente les forêts de Runeterra en cultivant la vie partout où il va. Il connaît les secrets du monde naturel et entretient une profonde...', 3, 5, 7, 7, 6);
INSERT INTO Champion_Roles (idChampion, idRole) VALUES (45, 5);
INSERT INTO Champions (idChampion, nomChampion, title, blurb, attack, defense, magic, difficulty, idType) VALUES (46, 'Janna', 'Avatar de l''air', 'Armée de la puissance des grands vents de Runeterra, Janna est un mystérieux esprit élémentaire qui protège les parias de Zaun. Certains croient que la vie lui a été donnée par les suppliques des marins de Runeterra cherchant les bons vents des mers...', 3, 5, 7, 7, 6);
INSERT INTO Champion_Roles (idChampion, idRole) VALUES (46, 5);
INSERT INTO Champions (idChampion, nomChampion, title, blurb, attack, defense, magic, difficulty, idType) VALUES (47, 'Jarvan IV', 'Exemple demacien', 'Le prince Jarvan, héritier de la dynastie des Lightshield, doit un jour monter sur le trône de Demacia. Élevé de manière à incarner les plus hautes vertus de sa nation, il est contraint de trouver un équilibre entre les attentes placées en lui et son...', 6, 8, 3, 5, 1);
INSERT INTO Champion_Roles (idChampion, idRole) VALUES (47, 2);
INSERT INTO Champion_Roles (idChampion, idRole) VALUES (47, 5);
INSERT INTO Champions (idChampion, nomChampion, title, blurb, attack, defense, magic, difficulty, idType) VALUES (48, 'Jax', 'Maître d''armes', 'Jax, dont nul ne peut égaler l''art du sarcasme et des armements inhabituels, est connu comme le dernier maître d''armes d''Icathia. Après la chute de sa terre natale, ravagée par le Néant qu''elle avait eu l''orgueil de déchaîner, Jax et ses compagnons...', 7, 5, 7, 5, 4);
INSERT INTO Champion_Roles (idChampion, idRole) VALUES (48, 2);
INSERT INTO Champions (idChampion, nomChampion, title, blurb, attack, defense, magic, difficulty, idType) VALUES (49, 'Jayce', 'Protecteur du futur', 'Jayce est un brillant inventeur qui a voué sa vie à la défense de Piltover et de sa poursuite inlassable du progrès. Armé de son marteau Hextech polymorphe, Jayce utilise aussi bien sa force que son courage et son intelligence pour protéger sa ville...', 8, 4, 3, 7, NULL);
INSERT INTO Champion_Roles (idChampion, idRole) VALUES (49, 2);
INSERT INTO Champions (idChampion, nomChampion, title, blurb, attack, defense, magic, difficulty, idType) VALUES (50, 'Jhin', 'Virtuose', 'Jhin est un psychopathe méticuleux pour qui le meurtre est une forme d''art. Autrefois prisonnier de Ionia, mais libéré par des conspirateurs opérant au sein du conseil dirigeant du pays, ce tueur en série a désormais mis ses talents d''assassin au...', 10, 2, 6, 6, 2);
INSERT INTO Champion_Roles (idChampion, idRole) VALUES (50, 5);
INSERT INTO Champions (idChampion, nomChampion, title, blurb, attack, defense, magic, difficulty, idType) VALUES (51, 'Jinx', 'Gâchette folle', 'Criminelle hystérique et impulsive de Zaun, Jinx ne vit que pour semer le chaos sans se préoccuper des conséquences. Équipée d''un arsenal d''armes mortelles, elle déchaîne les explosions les plus spectaculaires en ne laissant dans son sillage que...', 9, 2, 4, 6, NULL);
INSERT INTO Champion_Roles (idChampion, idRole) VALUES (51, 5);
INSERT INTO Champions (idChampion, nomChampion, title, blurb, attack, defense, magic, difficulty, idType) VALUES (52, 'Kai''Sa', 'Fille du Néant', 'Capturée par le Néant alors qu''elle n''était qu''une enfant, Kai''Sa parvint à survivre par la simple force de sa détermination et de sa ténacité. Si ses expériences ont fait d''elle une chasseuse meurtrière, certains voient en elle l''avant-goût d''un avenir...', 8, 5, 3, 6, NULL);
INSERT INTO Champion_Roles (idChampion, idRole) VALUES (52, 5);
INSERT INTO Champions (idChampion, nomChampion, title, blurb, attack, defense, magic, difficulty, idType) VALUES (53, 'Kalista', 'Lance de la vengeance', 'Spectre courroucé des Îles obscures, Kalista est l''esprit immortel de la vengeance, un cauchemar en armure que l''on invoque pour pourchasser les traîtres et les menteurs. Les victimes trahies peuvent réclamer vengeance, mais Kalista ne répond qu''à ceux...', 8, 2, 4, 7, NULL);
INSERT INTO Champion_Roles (idChampion, idRole) VALUES (53, 5);
INSERT INTO Champions (idChampion, nomChampion, title, blurb, attack, defense, magic, difficulty, idType) VALUES (54, 'Karma', 'Sagesse incarnée', 'Aucun mortel n''incarne mieux que Karma les traditions spirituelles d''Ionia. Elle est l''hôte vivant d''une âme ancienne réincarnée à de multiples reprises. Elle contient tous les souvenirs accumulés au fil de ces vies et elle possède une puissance que peu...', 1, 7, 8, 5, 2);
INSERT INTO Champion_Roles (idChampion, idRole) VALUES (54, 5);
INSERT INTO Champions (idChampion, nomChampion, title, blurb, attack, defense, magic, difficulty, idType) VALUES (55, 'Karthus', 'Liche', 'Héraut de l''oubli, Karthus est un esprit immortel dont les chants ensorcelants préludent à l''horreur de son apparition. Les vivants craignent l''existence éternelle des morts-vivants, mais Karthus n''y voit que beauté et pureté, une union parfaite de la...', 2, 2, 10, 7, 2);
INSERT INTO Champion_Roles (idChampion, idRole) VALUES (55, 5);
INSERT INTO Champions (idChampion, nomChampion, title, blurb, attack, defense, magic, difficulty, idType) VALUES (56, 'Kassadin', 'Chasseur du Néant', 'Kassadin se fraye un chemin brûlant dans les lieux les plus sombres du monde ; il sait que ses jours sont comptés. Guide et aventurier shurimien accompli, il avait choisi de fonder une famille parmi les tribus pacifiques du sud, jusqu''au jour où son...', 3, 5, 8, 8, 4);
INSERT INTO Champion_Roles (idChampion, idRole) VALUES (56, 2);
INSERT INTO Champion_Roles (idChampion, idRole) VALUES (56, 5);
INSERT INTO Champions (idChampion, nomChampion, title, blurb, attack, defense, magic, difficulty, idType) VALUES (57, 'Katarina', 'Lame sinistre', 'Aussi prompte dans ses décisions qu''elle est meurtrière en combat, Katarina figure parmi les assassins les plus prestigieux de Noxus. Fille aînée du légendaire général Du Couteau, elle révéla bien vite ses talents en éliminant ses ennemis avec la plus...', 4, 3, 9, 8, 4);
INSERT INTO Champion_Roles (idChampion, idRole) VALUES (57, 2);
INSERT INTO Champion_Roles (idChampion, idRole) VALUES (57, 5);
INSERT INTO Champions (idChampion, nomChampion, title, blurb, attack, defense, magic, difficulty, idType) VALUES (58, 'Kayle', 'Vertueuse', 'Née d''une Manifestation targonienne au plus fort des Guerres runiques, Kayle honore l''héritage de sa mère en combattant pour la justice, portée par des ailes de feu divin. Elle et sa sœur jumelle Morgana ont longtemps été les protectrices de Demacia...', 6, 6, 7, 7, 6);
INSERT INTO Champion_Roles (idChampion, idRole) VALUES (58, 2);
INSERT INTO Champion_Roles (idChampion, idRole) VALUES (58, 5);
INSERT INTO Champions (idChampion, nomChampion, title, blurb, attack, defense, magic, difficulty, idType) VALUES (59, 'Kayn', 'Faucheur de l''ombre', 'Expert inégalé dans la pratique de la magie des ombres, Shieda Kayn combat pour accomplir sa véritable destinée : mener un jour l''Ordre de l''ombre vers une ère nouvelle où Ionia régnera en maître. Il manie Rhaast, une arme darkin douée de raison, sans...', 10, 6, 1, 8, 4);
INSERT INTO Champion_Roles (idChampion, idRole) VALUES (59, 2);
INSERT INTO Champions (idChampion, nomChampion, title, blurb, attack, defense, magic, difficulty, idType) VALUES (60, 'Kennen', 'Cœur de la tempête', 'Vif comme l''éclair, Kennen est plus que le simple protecteur de l''équilibre ionien, c''est aussi le seul yordle membre du Kinkou. En dépit de son allure de boule de poils, il est prêt à affronter n''importe quelle menace dans un tourbillon de shurikens et...', 6, 4, 7, 4, 2);
INSERT INTO Champion_Roles (idChampion, idRole) VALUES (60, 5);
INSERT INTO Champions (idChampion, nomChampion, title, blurb, attack, defense, magic, difficulty, idType) VALUES (61, 'Kha''Zix', 'Faucheur du Néant', 'Le Néant grandit et le Néant s''adapte : parmi ses nombreuses engeances, nul n''incarne mieux cette vérité que Kha''Zix. Ce monstre est né pour survivre et pour tuer les plus forts. Quand il ne parvient pas à ses fins, il évolue et se crée de nouveaux...', 9, 4, 3, 6, 4);
INSERT INTO Champion_Roles (idChampion, idRole) VALUES (61, 2);
INSERT INTO Champions (idChampion, nomChampion, title, blurb, attack, defense, magic, difficulty, idType) VALUES (62, 'Kindred', 'Chasseurs éternels', 'Kindred représente les essences jumelles de la mort, distinctes mais indissociables. La flèche d''Agneau offre une fin rapide à ceux qui acceptent leur destin. Loup pourchasse ceux qui fuient leur dernier soupir et leur arrache brutalement la vie à coups...', 8, 2, 2, 4, NULL);
INSERT INTO Champion_Roles (idChampion, idRole) VALUES (62, 5);
INSERT INTO Champions (idChampion, nomChampion, title, blurb, attack, defense, magic, difficulty, idType) VALUES (63, 'Kled', 'Cavalier colérique', 'Guerrier aussi intrépide que grincheux, Kled est la plus pure incarnation de la fureur de Noxus. C''est un symbole que les soldats de l''empire adorent, dont les officiers se méfient et que la noblesse déteste. Beaucoup affirment que Kled a participé à...', 8, 2, 2, 7, 1);
INSERT INTO Champion_Roles (idChampion, idRole) VALUES (63, 2);
INSERT INTO Champion_Roles (idChampion, idRole) VALUES (63, 5);
INSERT INTO Champions (idChampion, nomChampion, title, blurb, attack, defense, magic, difficulty, idType) VALUES (64, 'Kog''Maw', 'Gueule des abysses', 'Émanant d''une brèche ouverte vers le Néant, c''est dans les ruines hantées d''Icathia que Kog''Maw, la putride créature à la gueule béante, et son insatiable curiosité firent leur apparition. Cette étrange bête du Néant doit mâchouiller tout ce qui se...', 8, 2, 5, 6, 2);
INSERT INTO Champion_Roles (idChampion, idRole) VALUES (64, 5);
INSERT INTO Champions (idChampion, nomChampion, title, blurb, attack, defense, magic, difficulty, idType) VALUES (65, 'K''Santé', 'Fierté de Nazumah', 'Rebelle et courageux, K''Santé combat les bêtes colossales et les Transfigurés impitoyables qui menacent son foyer convoité de Nazumah, une oasis lovée au cœur des sables de Shurima. Après s''être séparé de son ancien partenaire, K''Santé comprend que pour...', 8, 8, 7, 9, 1);
INSERT INTO Champion_Roles (idChampion, idRole) VALUES (65, 2);
INSERT INTO Champion_Roles (idChampion, idRole) VALUES (65, 5);
INSERT INTO Champions (idChampion, nomChampion, title, blurb, attack, defense, magic, difficulty, idType) VALUES (66, 'LeBlanc', 'Manipulatrice', 'Mystérieuse, même aux yeux des autres membres de la Rose noire, LeBlanc n''est que l''un des nombreux noms de la femme pâle qui manipule le destin de Noxus depuis ses premiers jours. Utilisant sa magie pour se cloner, elle peut être partout, devant tout...', 1, 4, 10, 9, 4);
INSERT INTO Champion_Roles (idChampion, idRole) VALUES (66, 2);
INSERT INTO Champion_Roles (idChampion, idRole) VALUES (66, 5);
INSERT INTO Champions (idChampion, nomChampion, title, blurb, attack, defense, magic, difficulty, idType) VALUES (67, 'Lee Sin', 'Moine aveugle', 'Maître des antiques arts martiaux d''Ionia, Lee Sin est un combattant dévoué à de nobles principes qui canalise l''esprit du dragon pour affronter tous les défis. Bien qu''il ait perdu la vue il y a bien des années, le moine-guerrier a dédié sa vie à la...', 8, 5, 3, 6, 4);
INSERT INTO Champion_Roles (idChampion, idRole) VALUES (67, 2);
INSERT INTO Champions (idChampion, nomChampion, title, blurb, attack, defense, magic, difficulty, idType) VALUES (68, 'Leona', 'Aube radieuse', 'Imprégnée de l''énergie du soleil, Leona est une guerrière sainte des Solaris qui défend le Mont Targon ; elle combat avec sa Lame du zénith et son Bouclier de l''aube. Sa peau brûle d''éclats ardents et ses yeux crépitent au rythme de la Manifestation...', 4, 8, 3, 4, 1);
INSERT INTO Champion_Roles (idChampion, idRole) VALUES (68, 2);
INSERT INTO Champion_Roles (idChampion, idRole) VALUES (68, 5);
INSERT INTO Champions (idChampion, nomChampion, title, blurb, attack, defense, magic, difficulty, idType) VALUES (69, 'Lillia', 'Fleur timide', 'Profondément timide, Lillia, le faon féérique, parcourt nerveusement les forêts d''Ionia. Échappant toujours au regard des mortels dont la nature a longtemps captivé et intimidé la jeune créature, Lillia espère découvrir la raison pour laquelle les rêves...', 0, 2, 10, 8, 2);
INSERT INTO Champion_Roles (idChampion, idRole) VALUES (69, 2);
INSERT INTO Champion_Roles (idChampion, idRole) VALUES (69, 5);
INSERT INTO Champions (idChampion, nomChampion, title, blurb, attack, defense, magic, difficulty, idType) VALUES (70, 'Lissandra', 'Sorcière de glace', 'La magie de Lissandra est capable de manipuler la pure puissance de la glace en quelque chose d''à la fois obscur et terrible. Avec la force de sa glace noire, elle fait bien plus que glacer... elle empale et écrase ceux qui osent s''opposer à elle. Les...', 2, 5, 8, 6, 2);
INSERT INTO Champion_Roles (idChampion, idRole) VALUES (70, 5);
INSERT INTO Champions (idChampion, nomChampion, title, blurb, attack, defense, magic, difficulty, idType) VALUES (71, 'Lucian', 'Purificateur', 'Jadis une Sentinelle de la lumière, Lucian est aujourd''hui un chasseur de morts-vivants. Il poursuit ses cibles sans répit et les éradique avec ses pistolets jumeaux. Après que Thresh a tué Senna, sa femme, Lucian s''est lancé sur la voie de la vengeance...', 8, 5, 3, 6, NULL);
INSERT INTO Champion_Roles (idChampion, idRole) VALUES (71, 5);
INSERT INTO Champions (idChampion, nomChampion, title, blurb, attack, defense, magic, difficulty, idType) VALUES (72, 'Lulu', 'Sorcière féérique', 'Magicienne yordle, Lulu aime conjurer des illusions oniriques et de drôles de créatures en explorant Runeterra avec Pix, sa fée de compagnie. Lulu forge la réalité selon ses désirs, modifiant à sa guise la structure du monde et ce qu''elle considère...', 4, 5, 7, 5, 6);
INSERT INTO Champion_Roles (idChampion, idRole) VALUES (72, 5);
INSERT INTO Champions (idChampion, nomChampion, title, blurb, attack, defense, magic, difficulty, idType) VALUES (73, 'Lux', 'Dame de lumière', 'Luxanna Crownguard est originaire de Demacia, un royaume isolationniste où la magie inspire la peur et la méfiance. Capable de plier la lumière à sa volonté, elle a grandi dans la crainte d''être un jour exilée et a été contrainte de dissimuler son...', 2, 4, 9, 5, 2);
INSERT INTO Champion_Roles (idChampion, idRole) VALUES (73, 5);
INSERT INTO Champions (idChampion, nomChampion, title, blurb, attack, defense, magic, difficulty, idType) VALUES (74, 'Malphite', 'Éclat du monolithe', 'Massive créature de pierre vivante, Malphite lutte pour imposer un ordre sacré dans un monde chaotique. Né pour servir l''obélisque mystique que l''on nomme le Monolithe, il utilisa son incroyable force élémentaire pour protéger son créateur, mais n''y...', 5, 9, 7, 2, 1);
INSERT INTO Champion_Roles (idChampion, idRole) VALUES (74, 2);
INSERT INTO Champion_Roles (idChampion, idRole) VALUES (74, 5);
INSERT INTO Champions (idChampion, nomChampion, title, blurb, attack, defense, magic, difficulty, idType) VALUES (75, 'Malzahar', 'Prophète du Néant', 'Voyant fanatique ayant dédié son existence à l''unification de toute forme de vie, Malzahar croit fermement que le Néant est la voie du salut de Runeterra. Dans les étendues désertiques de Shurima, il suivit les voix qui murmuraient dans son esprit...', 2, 2, 9, 6, 2);
INSERT INTO Champion_Roles (idChampion, idRole) VALUES (75, 5);
INSERT INTO Champion_Roles (idChampion, idRole) VALUES (75, 2);
INSERT INTO Champions (idChampion, nomChampion, title, blurb, attack, defense, magic, difficulty, idType) VALUES (76, 'Maokai', 'Tréant torturé', 'Maokai est un immense tréant possédé par la colère, qui combat les horreurs impies des Îles obscures. Il est devenu l''incarnation de la vengeance après la destruction de ses terres par un cataclysme magique, n''échappant lui-même à l''état de mort-vivant...', 3, 8, 6, 3, 1);
INSERT INTO Champion_Roles (idChampion, idRole) VALUES (76, 2);
INSERT INTO Champion_Roles (idChampion, idRole) VALUES (76, 5);
INSERT INTO Champions (idChampion, nomChampion, title, blurb, attack, defense, magic, difficulty, idType) VALUES (77, 'Maître Yi', 'Fine lame Wuju', 'Maître Yi a renforcé son corps et affûté son esprit jusqu''à ce que réflexion et action ne fassent plus qu''un. Bien qu''il ne fasse appel à la violence qu''en dernier recours, la grâce et la vitesse avec lesquelles il manie son épée assurent une résolution...', 10, 4, 2, 4, 4);
INSERT INTO Champion_Roles (idChampion, idRole) VALUES (77, 2);
INSERT INTO Champions (idChampion, nomChampion, title, blurb, attack, defense, magic, difficulty, idType) VALUES (78, 'Milio', 'Douce flamme', 'Milio est un garçon d''Ixtal chaleureux qui, malgré son jeune âge, maîtrise l''Axiome du feu et a découvert le feu guérisseur. Grâce à cette puissance nouvelle, il espère intégrer les Yun Tal, comme sa grand-mère avant lui, et annuler le jugement qui...', 2, 4, 8, 5, 6);
INSERT INTO Champion_Roles (idChampion, idRole) VALUES (78, 5);
INSERT INTO Champions (idChampion, nomChampion, title, blurb, attack, defense, magic, difficulty, idType) VALUES (79, 'Miss Fortune', 'Chasseuse de primes', 'Capitaine de Bilgewater réputée pour sa beauté et crainte pour sa cruauté, Sarah Fortune est une personnalité qui détonne au milieu des criminels endurcis qui arpentent la cité portuaire. Enfant, elle assista au massacre de sa famille par Gangplank, le...', 8, 2, 5, 1, NULL);
INSERT INTO Champion_Roles (idChampion, idRole) VALUES (79, 5);
INSERT INTO Champions (idChampion, nomChampion, title, blurb, attack, defense, magic, difficulty, idType) VALUES (80, 'Wukong', 'Roi des singes', 'Wukong est un Vastaya qui utilise sa force, son agilité et son intelligence pour semer la confusion parmi ses adversaires et prendre sur eux l''avantage. Après s''être fait un ami en la personne d''un guerrier nommé Maître Yi, Wukong est devenu le dernier...', 8, 5, 2, 3, 1);
INSERT INTO Champion_Roles (idChampion, idRole) VALUES (80, 2);
INSERT INTO Champion_Roles (idChampion, idRole) VALUES (80, 5);
INSERT INTO Champions (idChampion, nomChampion, title, blurb, attack, defense, magic, difficulty, idType) VALUES (81, 'Mordekaiser', 'Revenant de fer', 'Deux fois abattu et trois fois né, Mordekaiser est un chef de guerre brutal venu d''un lointain passé. Il utilise ses pouvoirs nécromantiques pour lier les âmes à une éternité de servitude. Il n''y a plus guère de gens pour se souvenir de ses anciennes...', 4, 6, 7, 4, NULL);
INSERT INTO Champion_Roles (idChampion, idRole) VALUES (81, 2);
INSERT INTO Champions (idChampion, nomChampion, title, blurb, attack, defense, magic, difficulty, idType) VALUES (82, 'Morgana', 'Déchue', 'Déchirée entre ses origines célestes et mortelles, Morgana a enchaîné ses ailes pour appartenir pleinement à l''humanité et abattre sa peine et sa rancœur sur les corrompus et les malhonnêtes. Elle rejette les lois et les traditions qu''elle juge injustes...', 1, 6, 8, 1, 2);
INSERT INTO Champion_Roles (idChampion, idRole) VALUES (82, 5);
INSERT INTO Champions (idChampion, nomChampion, title, blurb, attack, defense, magic, difficulty, idType) VALUES (83, 'Nami', 'Aquamancienne', 'Jeune Vastaya des mers, Nami fut la première de la tribu des Marai à quitter les océans et à s''aventurer sur la terre ferme lorsque leur accord ancestral avec les Targoniens fut rompu. Convaincue qu''il n''y avait pas d''autre solution, elle a décidé de...', 4, 3, 7, 5, 6);
INSERT INTO Champion_Roles (idChampion, idRole) VALUES (83, 5);
INSERT INTO Champions (idChampion, nomChampion, title, blurb, attack, defense, magic, difficulty, idType) VALUES (84, 'Nasus', 'Gardien des sables', 'Nasus est un imposant Transfiguré à tête de chacal, une figure héroïque que les peuples du désert considéraient comme un demi-dieu aux temps anciens de Shurima. Il était très intelligent ; son savoir encyclopédique et son extraordinaire sens stratégique...', 7, 5, 6, 6, 1);
INSERT INTO Champion_Roles (idChampion, idRole) VALUES (84, 2);
INSERT INTO Champion_Roles (idChampion, idRole) VALUES (84, 5);
INSERT INTO Champions (idChampion, nomChampion, title, blurb, attack, defense, magic, difficulty, idType) VALUES (85, 'Nautilus', 'Titan des profondeurs', 'Nautilus, une légende plus ancienne encore que la première jetée de Bilgewater, est un titan en armure qui sillonne les eaux sombres au large des Îles de la Flamme Bleue. Trahi il y a bien longtemps de cela, il frappe désormais sans prévenir, se servant...', 4, 6, 6, 6, 1);
INSERT INTO Champion_Roles (idChampion, idRole) VALUES (85, 2);
INSERT INTO Champion_Roles (idChampion, idRole) VALUES (85, 5);
INSERT INTO Champions (idChampion, nomChampion, title, blurb, attack, defense, magic, difficulty, idType) VALUES (86, 'Neeko', 'Caméléon curieux', 'Originaire d''une tribu disparue de Vastayas, Neeko est capable de se fondre dans n''importe quelle foule en empruntant l''apparence des autres, allant même jusqu''à absorber un soupçon de leur état émotionnel pour différencier un instant les amis des...', 1, 1, 9, 5, 2);
INSERT INTO Champion_Roles (idChampion, idRole) VALUES (86, 5);
INSERT INTO Champions (idChampion, nomChampion, title, blurb, attack, defense, magic, difficulty, idType) VALUES (87, 'Nidalee', 'Chasseresse bestiale', 'Élevée au plus profond de la jungle, Nidalee est une pisteuse d''exception qui peut se transformer à volonté en couguar. Ni totalement femme, ni totalement bête, elle défend férocement son territoire contre tous ceux qui veulent y pénétrer avec ses...', 5, 4, 7, 8, 4);
INSERT INTO Champion_Roles (idChampion, idRole) VALUES (87, 2);
INSERT INTO Champion_Roles (idChampion, idRole) VALUES (87, 5);
INSERT INTO Champions (idChampion, nomChampion, title, blurb, attack, defense, magic, difficulty, idType) VALUES (88, 'Nilah', 'Joie incarnée', 'Nilah est une guerrière disciplinée originaire d''une contrée lointaine. Elle traque les monstres les plus gigantesques et les plus dangereux pour les affronter et les détruire. Elle a obtenu son pouvoir du démon de la joie, emprisonné il y a bien...', 8, 4, 4, 10, 4);
INSERT INTO Champion_Roles (idChampion, idRole) VALUES (88, 2);
INSERT INTO Champions (idChampion, nomChampion, title, blurb, attack, defense, magic, difficulty, idType) VALUES (89, 'Nocturne', 'Éternel cauchemar', 'Expression démoniaque des cauchemars qui hantent tous les êtres doués d''intelligence, la chose que l''on nomme Nocturne est devenue une force primordiale du mal. D''aspect liquide, c''est une ombre sans visage, au regard glacial, armée de lames effrayantes...', 9, 5, 2, 4, 4);
INSERT INTO Champion_Roles (idChampion, idRole) VALUES (89, 2);
INSERT INTO Champions (idChampion, nomChampion, title, blurb, attack, defense, magic, difficulty, idType) VALUES (90, 'Nunu et Willump', 'Le Garçon et son yéti', 'Il était une fois un jeune garçon qui voulait prouver qu''il était un héros en tuant un monstre effrayant, mais il découvrit que la créature, un yéti solitaire, avait seulement besoin d''un ami. Rapprochés par une puissance ancienne et un amour partagé...', 4, 6, 7, 4, 1);
INSERT INTO Champion_Roles (idChampion, idRole) VALUES (90, 2);
INSERT INTO Champion_Roles (idChampion, idRole) VALUES (90, 5);
INSERT INTO Champions (idChampion, nomChampion, title, blurb, attack, defense, magic, difficulty, idType) VALUES (91, 'Olaf', 'Berzerker', 'Olaf, avec sa hache et son extraordinaire force de destruction, ne souhaite que mourir au combat. Venu de l''âpre péninsule freljordienne de Lokfar, il a été choqué par une prophétie qui lui prédisait une mort paisible : dans l''esprit de son peuple, une...', 9, 5, 3, 3, 1);
INSERT INTO Champion_Roles (idChampion, idRole) VALUES (91, 2);
INSERT INTO Champion_Roles (idChampion, idRole) VALUES (91, 5);
INSERT INTO Champions (idChampion, nomChampion, title, blurb, attack, defense, magic, difficulty, idType) VALUES (92, 'Orianna', 'Demoiselle mécanique', 'Autrefois une jeune fille curieuse, de chair et d''os, Orianna est aujourd''hui une merveille de technologie entièrement mécanisée. Elle est tombée gravement malade à la suite d''un accident dans les quartiers inférieurs de Zaun, et son corps défaillant a...', 4, 3, 9, 7, 2);
INSERT INTO Champion_Roles (idChampion, idRole) VALUES (92, 5);
INSERT INTO Champions (idChampion, nomChampion, title, blurb, attack, defense, magic, difficulty, idType) VALUES (93, 'Ornn', 'Dieu de la forge volcanique', 'Ornn est le demi-dieu de la forge et de l''artisanat à Freljord. Avec comme seule compagne la solitude, il travaille dans sa forge enfouie au plus profond des cavernes de lave de l''Âtre-foyer. C''est là qu''il fond et purifie les métaux nécessaires à la...', 5, 9, 3, 5, 1);
INSERT INTO Champion_Roles (idChampion, idRole) VALUES (93, 2);
INSERT INTO Champion_Roles (idChampion, idRole) VALUES (93, 5);
INSERT INTO Champions (idChampion, nomChampion, title, blurb, attack, defense, magic, difficulty, idType) VALUES (94, 'Pantheon', 'Lance éternelle', 'Autrefois l''hôte réticent de la Manifestation de la Guerre, Atreus a survécu à la mort de la puissance céleste qui l''habitait, refusant de succomber au coup qui arracha les étoiles mêmes des cieux. Avec le temps, il apprit à accepter le pouvoir de sa...', 9, 4, 3, 4, 4);
INSERT INTO Champion_Roles (idChampion, idRole) VALUES (94, 2);
INSERT INTO Champions (idChampion, nomChampion, title, blurb, attack, defense, magic, difficulty, idType) VALUES (95, 'Poppy', 'Gardienne du marteau', 'Runeterra ne manque pas de braves champions, mais peu peuvent se targuer d''être aussi tenaces que Poppy. Armée du légendaire marteau d''Orlon, faisant deux fois sa taille, cette yordle déterminée cherche depuis d''innombrables années le « héros de...', 6, 7, 2, 6, 1);
INSERT INTO Champion_Roles (idChampion, idRole) VALUES (95, 2);
INSERT INTO Champion_Roles (idChampion, idRole) VALUES (95, 5);
INSERT INTO Champions (idChampion, nomChampion, title, blurb, attack, defense, magic, difficulty, idType) VALUES (96, 'Pyke', 'Éventreur des abysses', 'Harponneur renommé des quais-abattoirs de Bilgewater, Pyke aurait dû trouver la mort dans le ventre d''une énorme créature marine… et pourtant, il est revenu. À présent, il écume les ruelles sombres de son ancien port d''attache, utilisant ses dons...', 9, 3, 1, 7, 6);
INSERT INTO Champion_Roles (idChampion, idRole) VALUES (96, 5);
INSERT INTO Champion_Roles (idChampion, idRole) VALUES (96, 2);
INSERT INTO Champions (idChampion, nomChampion, title, blurb, attack, defense, magic, difficulty, idType) VALUES (97, 'Qiyana', 'Impératrice des éléments', 'Dans la ville d''Ixaocan, perdue dans la jungle, Qiyana complote pour obtenir au prix du sang le siège révéré des Yun Tal. Dernière dans l''ordre de la succession, elle affronte ceux qui sont sur son chemin avec une absolue confiance en elle et une...', 0, 2, 4, 8, 4);
INSERT INTO Champion_Roles (idChampion, idRole) VALUES (97, 2);
INSERT INTO Champions (idChampion, nomChampion, title, blurb, attack, defense, magic, difficulty, idType) VALUES (98, 'Quinn', 'Ailes de Demacia', 'Quinn est un chevalier-éclaireur d''élite de Demacia qui se spécialise dans les missions d''infiltration en territoire ennemi. Avec son aigle de légende, Valor, elle forme un duo inséparable dont les proies rendent souvent l''âme avant même de comprendre...', 9, 4, 2, 5, 4);
INSERT INTO Champion_Roles (idChampion, idRole) VALUES (98, 2);
INSERT INTO Champions (idChampion, nomChampion, title, blurb, attack, defense, magic, difficulty, idType) VALUES (99, 'Rakan', 'Charmeur', 'Aussi lunatique qu''il est charmeur, Rakan est un trublion vastaya tristement célèbre, et le plus grand danseur guerrier de l''histoire de la tribu Lhotla. Pour les humains qui vivent dans les hautes terres d''Ionia, son nom est depuis longtemps synonyme...', 2, 4, 8, 5, 6);
INSERT INTO Champion_Roles (idChampion, idRole) VALUES (99, 5);
INSERT INTO Champions (idChampion, nomChampion, title, blurb, attack, defense, magic, difficulty, idType) VALUES (100, 'Rammus', 'Tatou blindé', 'Beaucoup l''idolâtrent, certains le méprisent, mais tous restent perplexes devant l''énigmatique Rammus. Protégé par une carapace cloutée, il inspire des théories de plus en plus variées sur ses origines : demi-dieu, oracle, simple bête transformée par la...', 4, 10, 5, 5, 1);
INSERT INTO Champion_Roles (idChampion, idRole) VALUES (100, 2);
INSERT INTO Champion_Roles (idChampion, idRole) VALUES (100, 5);
INSERT INTO Champions (idChampion, nomChampion, title, blurb, attack, defense, magic, difficulty, idType) VALUES (101, 'Rek''Sai', 'Traqueuse du Néant', 'Rek''Sai est une créature prédatrice – la plus imposante et la plus féroce de son espèce – qui se déplace sous terre pour surprendre ses proies. Sa faim insatiable a ravagé des régions entières de Shurima à l''époque où cet empire était encore florissant...', 8, 5, 2, 3, NULL);
INSERT INTO Champion_Roles (idChampion, idRole) VALUES (101, 2);
INSERT INTO Champions (idChampion, nomChampion, title, blurb, attack, defense, magic, difficulty, idType) VALUES (102, 'Rell', 'Vierge de fer', 'Changée en arme vivante par les expériences brutales de l''académie de la Rose noire, Rell est aujourd''hui déterminée à détruire Noxus. Son enfance a été particulièrement horrible ; on lui a fait subir des choses atroces afin de perfectionner ses...', 0, 0, 0, 0, 1);
INSERT INTO Champion_Roles (idChampion, idRole) VALUES (102, 2);
INSERT INTO Champion_Roles (idChampion, idRole) VALUES (102, 5);
INSERT INTO Champions (idChampion, nomChampion, title, blurb, attack, defense, magic, difficulty, idType) VALUES (103, 'Renata Glasc', 'Baronne de la chimie', 'Renata Glasc s''extirpa des cendres de sa maison natale avec son nom et les recherches alchimiques de ses parents pour seules possessions. Au cours des décennies suivantes, elle devint la Baronne de la chimie la plus riche de Zaun et un génie des...', 2, 6, 9, 8, 6);
INSERT INTO Champion_Roles (idChampion, idRole) VALUES (103, 5);
INSERT INTO Champions (idChampion, nomChampion, title, blurb, attack, defense, magic, difficulty, idType) VALUES (104, 'Renekton', 'Dévoreur des sables', 'Originaire du désert brûlant de Shurima, Renekton est un Transfiguré terrifiant animé par la rage. Il était autrefois le guerrier le plus respecté de l''empire de Shurima, dont il avait mené les armées vers la victoire à maintes reprises. Cependant...', 8, 5, 2, 3, 1);
INSERT INTO Champion_Roles (idChampion, idRole) VALUES (104, 2);
INSERT INTO Champion_Roles (idChampion, idRole) VALUES (104, 5);
INSERT INTO Champions (idChampion, nomChampion, title, blurb, attack, defense, magic, difficulty, idType) VALUES (105, 'Rengar', 'Fier traqueur', 'Rengar est un féroce Vastaya chasseur de trophées qui ne vit que pour le frisson de la traque et de l''élimination des proies les plus dangereuses. Il parcourt le monde à la recherche des bêtes les plus féroces, et surtout de Kha''Zix, la créature du...', 7, 4, 2, 8, 4);
INSERT INTO Champion_Roles (idChampion, idRole) VALUES (105, 2);
INSERT INTO Champions (idChampion, nomChampion, title, blurb, attack, defense, magic, difficulty, idType) VALUES (106, 'Riven', 'Exilée brisée', 'Autrefois soldat d''un régiment de Noxus, Riven est désormais expatriée dans un pays qu''elle avait elle-même tenté d''envahir. Elle s''est naguère élevée dans la hiérarchie grâce à sa force de conviction et à son efficacité brutale : sa récompense fut de...', 8, 5, 1, 8, 4);
INSERT INTO Champion_Roles (idChampion, idRole) VALUES (106, 2);
INSERT INTO Champions (idChampion, nomChampion, title, blurb, attack, defense, magic, difficulty, idType) VALUES (107, 'Rumble', 'Menace mécanisée', 'Rumble est un jeune inventeur soupe au lait. Ne disposant que de ses deux mains et d''une pile de ferraille, le yordle au tempérament de feu se fabriqua une colossale armure mécanique, dotée d''un arsenal de harpons électrifiés et de roquettes...', 3, 6, 8, 10, 2);
INSERT INTO Champion_Roles (idChampion, idRole) VALUES (107, 2);
INSERT INTO Champion_Roles (idChampion, idRole) VALUES (107, 5);
INSERT INTO Champions (idChampion, nomChampion, title, blurb, attack, defense, magic, difficulty, idType) VALUES (108, 'Ryze', 'Mage runique', 'Largement considéré comme l''un des plus puissants sorciers de Runeterra, Ryze est un archimage endurci par les ans qui porte un fardeau incommensurable sur ses épaules. Armé d''une constitution à toute épreuve et d''un vaste arsenal de connaissances...', 2, 2, 10, 7, 2);
INSERT INTO Champion_Roles (idChampion, idRole) VALUES (108, 5);
INSERT INTO Champion_Roles (idChampion, idRole) VALUES (108, 2);
INSERT INTO Champions (idChampion, nomChampion, title, blurb, attack, defense, magic, difficulty, idType) VALUES (109, 'Samira', 'Rose du désert', 'Toujours en quête de sensations fortes, Samira regarde la mort dans les yeux avec une confiance inébranlable. Après la destruction qui a frappé son foyer shurimien lorsqu''elle était enfant, Samira a trouvé sa véritable vocation à Noxus, où elle s''est...', 8, 5, 3, 6, NULL);
INSERT INTO Champion_Roles (idChampion, idRole) VALUES (109, 5);
INSERT INTO Champions (idChampion, nomChampion, title, blurb, attack, defense, magic, difficulty, idType) VALUES (110, 'Sejuani', 'Fureur du nord', 'Sejuani est l''impitoyable chef de guerre sublimée de la Griffe hivernale, l''une des tribus les plus redoutées de Freljord. La survie de son peuple est une lutte constante et désespérée contre les éléments. Pour résister aux rigueurs de l''hiver, il doit...', 5, 7, 6, 4, 1);
INSERT INTO Champion_Roles (idChampion, idRole) VALUES (110, 2);
INSERT INTO Champion_Roles (idChampion, idRole) VALUES (110, 5);
INSERT INTO Champions (idChampion, nomChampion, title, blurb, attack, defense, magic, difficulty, idType) VALUES (111, 'Senna', 'Rédemptrice', 'Condamnée dès l''enfance à être hantée par la mystérieuse Brume noire, Senna rejoignit un ordre sacré connu sous le nom des Sentinelles de la lumière. Elle combattit vaillamment, avant de périr sous les coups du cruel spectre Thresh et de voir son âme...', 7, 2, 6, 7, 6);
INSERT INTO Champion_Roles (idChampion, idRole) VALUES (111, 5);
INSERT INTO Champions (idChampion, nomChampion, title, blurb, attack, defense, magic, difficulty, idType) VALUES (112, 'Séraphine', 'Chanteuse rêveuse', 'Née à Piltover de parents zauniens, Séraphine peut entendre les âmes des autres. Le monde chante pour elle et elle chante pour le monde. Alors que ces sons l''accablaient dans sa jeunesse, elle s''en inspire aujourd''hui et transforme le chaos en symphonie...', 0, 0, 0, 0, 2);
INSERT INTO Champion_Roles (idChampion, idRole) VALUES (112, 5);
INSERT INTO Champions (idChampion, nomChampion, title, blurb, attack, defense, magic, difficulty, idType) VALUES (113, 'Sett', 'Patron', 'Sett s''est imposé en tant que chef du monde criminel florissant d''Ionia après la guerre contre Noxus. Bien qu''il ait fait ses débuts de manière modeste dans les arènes de combat de Navori, il s''est rapidement fait une réputation pour sa force sauvage et...', 8, 5, 1, 2, 1);
INSERT INTO Champion_Roles (idChampion, idRole) VALUES (113, 2);
INSERT INTO Champion_Roles (idChampion, idRole) VALUES (113, 5);
INSERT INTO Champions (idChampion, nomChampion, title, blurb, attack, defense, magic, difficulty, idType) VALUES (114, 'Shaco', 'Bouffon des ténèbres', 'Fabriqué il y a longtemps pour servir de jouet à un prince qui se sentait seul, Shaco est une marionnette enchantée qui se repaît désormais de meurtres et de chaos. Corrompu par la magie noire et la perte de sa chère mission, le pantin autrefois gentil...', 8, 4, 6, 9, 4);
INSERT INTO Champion_Roles (idChampion, idRole) VALUES (114, 2);
INSERT INTO Champions (idChampion, nomChampion, title, blurb, attack, defense, magic, difficulty, idType) VALUES (115, 'Shen', 'Œil du crépuscule', 'Shen, l''Œil du crépuscule, est le chef d''un groupe secret de guerriers ioniens connu sous le nom de Kinkou. Désireux d''échapper aux méfaits des émotions, des préjugés et de l''ego, il porte un regard désintéressé sur les choses en arpentant le chemin...', 3, 9, 3, 4, 1);
INSERT INTO Champion_Roles (idChampion, idRole) VALUES (115, 2);
INSERT INTO Champion_Roles (idChampion, idRole) VALUES (115, 5);
INSERT INTO Champions (idChampion, nomChampion, title, blurb, attack, defense, magic, difficulty, idType) VALUES (116, 'Shyvana', 'Demi-dragon', 'Shyvana est une créature dont le cœur palpite au rythme brûlant d''un éclat de rune magique. Bien qu''elle paraisse souvent humanoïde, elle peut se transformer à volonté en un terrifiant dragon, crachant des flammes sur ses ennemis. Après avoir sauvé la...', 8, 6, 3, 4, 1);
INSERT INTO Champion_Roles (idChampion, idRole) VALUES (116, 2);
INSERT INTO Champion_Roles (idChampion, idRole) VALUES (116, 5);
INSERT INTO Champions (idChampion, nomChampion, title, blurb, attack, defense, magic, difficulty, idType) VALUES (117, 'Singed', 'Chimiste fou', 'Singed est un chimiste zaunien d''une intelligence exceptionnelle, prêt à tout pour repousser les limites de la connaissance, y compris y perdre sa santé mentale. Sa folie répond-elle à une logique ? Ses décoctions ont généralement l''effet escompté, mais...', 4, 8, 7, 5, 1);
INSERT INTO Champion_Roles (idChampion, idRole) VALUES (117, 2);
INSERT INTO Champion_Roles (idChampion, idRole) VALUES (117, 5);
INSERT INTO Champions (idChampion, nomChampion, title, blurb, attack, defense, magic, difficulty, idType) VALUES (118, 'Sion', 'Colosse mort-vivant', 'Guerrier sanguinaire d''une époque révolue, Sion était célébré comme un héros à Noxus, pour avoir étouffé un roi de Demacia de ses mains nues. Il était l''objet d''une telle dévotion qu''on lui refusa le repos éternel, en le ramenant à la vie pour continuer...', 5, 9, 3, 5, 1);
INSERT INTO Champion_Roles (idChampion, idRole) VALUES (118, 2);
INSERT INTO Champion_Roles (idChampion, idRole) VALUES (118, 5);
INSERT INTO Champions (idChampion, nomChampion, title, blurb, attack, defense, magic, difficulty, idType) VALUES (119, 'Sivir', 'Vierge martiale', 'Sivir est une célèbre chasseuse de trésors et capitaine de mercenaires œuvrant dans le désert de Shurima. Armée de sa légendaire lame en croix, elle a triomphé d''innombrables batailles pour les clients prêts à honorer ses tarifs exorbitants. Connue pour...', 9, 3, 1, 4, NULL);
INSERT INTO Champion_Roles (idChampion, idRole) VALUES (119, 5);
INSERT INTO Champions (idChampion, nomChampion, title, blurb, attack, defense, magic, difficulty, idType) VALUES (120, 'Skarner', 'Gardien de cristal', 'Skarner est un immense scorpion cristallin venu d''une vallée cachée de Shurima. Issus de l''ancienne race des Brackerns, Skarner et les siens sont connus pour leur grande sagesse et leurs liens profonds avec la terre : leur âme a fusionné avec de...', 7, 6, 5, 5, 1);
INSERT INTO Champion_Roles (idChampion, idRole) VALUES (120, 2);
INSERT INTO Champion_Roles (idChampion, idRole) VALUES (120, 5);
INSERT INTO Champions (idChampion, nomChampion, title, blurb, attack, defense, magic, difficulty, idType) VALUES (121, 'Sona', 'Virtuose de la harpe', 'Sona est la plus grande virtuose de l''etwahl de Demacia, ne s''exprimant que par ses accords vibrants et gracieux. Ses manières distinguées lui valent d''être appréciée par l''aristocratie, bien que beaucoup soupçonnent ses mélodies envoûtantes de...', 5, 2, 8, 4, 6);
INSERT INTO Champion_Roles (idChampion, idRole) VALUES (121, 5);
INSERT INTO Champions (idChampion, nomChampion, title, blurb, attack, defense, magic, difficulty, idType) VALUES (122, 'Soraka', 'Enfant des étoiles', 'Voyageuse originaire de dimensions célestes d''au-delà du Mont Targon, Soraka a abandonné son immortalité pour protéger les mortels de leurs instincts violents. Elle cherche à pousser tous ceux qu''elle rencontre à embrasser les vertus de la compassion et...', 2, 5, 7, 3, 6);
INSERT INTO Champion_Roles (idChampion, idRole) VALUES (122, 5);
INSERT INTO Champions (idChampion, nomChampion, title, blurb, attack, defense, magic, difficulty, idType) VALUES (123, 'Swain', 'Grand général noxien', 'Jericho Swain est le chef visionnaire de Noxus, une nation expansionniste qui ne respecte que la force. Bien que déchu et blessé pendant les guerres ioniennes, il a pris le contrôle de l''empire avec une féroce détermination… Et une nouvelle main...', 2, 6, 9, 8, 2);
INSERT INTO Champion_Roles (idChampion, idRole) VALUES (123, 5);
INSERT INTO Champion_Roles (idChampion, idRole) VALUES (123, 2);
INSERT INTO Champions (idChampion, nomChampion, title, blurb, attack, defense, magic, difficulty, idType) VALUES (124, 'Sylas', 'Révolutionnaire déchaîné', 'Élevé dans l''un des quartiers les plus pauvres de Demacia, Sylas de Liebourg est devenu le symbole du côté obscur de la Grande cité. Enfant, sa capacité à déceler la sorcellerie cachée attira l''attention des tristement célèbres traqueurs de mages, qui...', 3, 4, 8, 5, 2);
INSERT INTO Champion_Roles (idChampion, idRole) VALUES (124, 5);
INSERT INTO Champion_Roles (idChampion, idRole) VALUES (124, 2);
INSERT INTO Champions (idChampion, nomChampion, title, blurb, attack, defense, magic, difficulty, idType) VALUES (125, 'Syndra', 'Souveraine obscure', 'Syndra est une effrayante magicienne originaire d''Ionia, aux pouvoirs impressionnants. Enfant, elle perturba les anciens de son village avec sa magie sauvage et incontrôlée. Elle fut confiée à un maître dans l''espoir qu''elle apprendrait à se contrôler...', 2, 3, 9, 8, 2);
INSERT INTO Champion_Roles (idChampion, idRole) VALUES (125, 5);
INSERT INTO Champions (idChampion, nomChampion, title, blurb, attack, defense, magic, difficulty, idType) VALUES (126, 'Tahm Kench', 'Roi des rivières', 'Au fil du temps, on lui a donné de nombreux noms. Le démon Tahm Kench voyage dans les cours d''eau de Runeterra, nourrissant son insatiable appétit de la misère des autres. Bien qu''il puisse sembler particulièrement charmant et fier, il rôde dans le...', 3, 9, 6, 5, 6);
INSERT INTO Champion_Roles (idChampion, idRole) VALUES (126, 5);
INSERT INTO Champion_Roles (idChampion, idRole) VALUES (126, 2);
INSERT INTO Champions (idChampion, nomChampion, title, blurb, attack, defense, magic, difficulty, idType) VALUES (127, 'Taliyah', 'Tisseuse de pierres', 'Taliyah est une mage issue des tribus nomades de Shurima, déchirée entre l''émerveillement de la jeunesse et les responsabilités des adultes. Elle a déjà traversé pratiquement tout Valoran pour découvrir la véritable nature de ses pouvoirs toujours plus...', 1, 7, 8, 5, 2);
INSERT INTO Champion_Roles (idChampion, idRole) VALUES (127, 5);
INSERT INTO Champions (idChampion, nomChampion, title, blurb, attack, defense, magic, difficulty, idType) VALUES (128, 'Talon', 'Lame des ténèbres', 'Talon est la dague cachée dans l''ombre, un assassin impitoyable, capable de frapper sans prévenir et de fuir avant que l''alerte ne soit donnée. Il a acquis une dangereuse réputation dans les brutales rues de Noxus, où il a été contraint de se battre, de...', 9, 3, 1, 7, 4);
INSERT INTO Champion_Roles (idChampion, idRole) VALUES (128, 2);
INSERT INTO Champions (idChampion, nomChampion, title, blurb, attack, defense, magic, difficulty, idType) VALUES (129, 'Taric', 'Bouclier de Valoran', 'Taric est la Manifestation du Protecteur, doté d''un incroyable pouvoir en tant que gardien de la vie, de l''amour et de la beauté sur Runeterra. Couvert d''opprobre pour avoir abandonné son devoir et exilé de sa terre natale de Demacia, Taric a entrepris...', 4, 8, 5, 3, 6);
INSERT INTO Champion_Roles (idChampion, idRole) VALUES (129, 5);
INSERT INTO Champion_Roles (idChampion, idRole) VALUES (129, 2);
INSERT INTO Champions (idChampion, nomChampion, title, blurb, attack, defense, magic, difficulty, idType) VALUES (130, 'Teemo', 'Scout de Bantam', 'N''ayant pas peur de braver les obstacles les plus dangereux, Teemo explore le monde avec un enthousiasme débordant et une bonne humeur contagieuse. Yordle au sens moral inflexible, il suit fièrement les préceptes du Code des éclaireurs de Bandle...', 5, 3, 7, 6, 4);
INSERT INTO Champion_Roles (idChampion, idRole) VALUES (130, 2);
INSERT INTO Champions (idChampion, nomChampion, title, blurb, attack, defense, magic, difficulty, idType) VALUES (131, 'Thresh', 'Garde aux chaînes', 'Sadique mais rusé, Thresh est un ambitieux esprit des Îles obscures. Autrefois le gardien d''innombrables secrets des arcanes, il fut terrassé par un pouvoir plus grand que la vie ou la mort, et il s''alimente maintenant des souffrances et des tourments...', 5, 6, 6, 7, 6);
INSERT INTO Champion_Roles (idChampion, idRole) VALUES (131, 5);
INSERT INTO Champion_Roles (idChampion, idRole) VALUES (131, 2);
INSERT INTO Champions (idChampion, nomChampion, title, blurb, attack, defense, magic, difficulty, idType) VALUES (132, 'Tristana', 'Canonnière yordle', 'Si bon nombre d''autres yordles utilisent leur énergie débordante pour explorer, découvrir, inventer ou plus simplement jouer de mauvais tours, Tristana a toujours puisé son inspiration dans les récits des grands guerriers. Elle avait beaucoup entendu...', 9, 3, 5, 4, 4);
INSERT INTO Champion_Roles (idChampion, idRole) VALUES (132, 2);
INSERT INTO Champions (idChampion, nomChampion, title, blurb, attack, defense, magic, difficulty, idType) VALUES (133, 'Trundle', 'Roi des trolls', 'Trundle est un troll massif, sournois et malicieux. Il n''y a rien qu''il ne puisse soumettre à sa volonté avec son gourdin, pas même Freljord. Extrêmement territorial, Trundle traque tous ceux qui sont assez fous pour pénétrer sur ses terres. Ensuite...', 7, 6, 2, 5, 1);
INSERT INTO Champion_Roles (idChampion, idRole) VALUES (133, 2);
INSERT INTO Champion_Roles (idChampion, idRole) VALUES (133, 5);
INSERT INTO Champions (idChampion, nomChampion, title, blurb, attack, defense, magic, difficulty, idType) VALUES (134, 'Tryndamere', 'Roi barbare', 'Poussé par une rage infinie, Tryndamere traverse Freljord et parfait sa maîtrise du combat en défiant les plus grands guerriers du nord, pour se préparer aux jours sombres qui s''annoncent. Longtemps dominé par sa haine, il cherchait à se venger de...', 10, 5, 2, 5, 4);
INSERT INTO Champion_Roles (idChampion, idRole) VALUES (134, 2);
INSERT INTO Champions (idChampion, nomChampion, title, blurb, attack, defense, magic, difficulty, idType) VALUES (135, 'Twisted Fate', 'Maître des cartes', 'Twisted Fate est un virtuose des cartes à la réputation ambiguë qui a parcouru le monde entier pour l''éblouir de son charme et de ses talents, s''attirant l''admiration et la haine des riches comme des pigeons. Il prend rarement les choses au sérieux...', 6, 2, 6, 9, 2);
INSERT INTO Champion_Roles (idChampion, idRole) VALUES (135, 5);
INSERT INTO Champions (idChampion, nomChampion, title, blurb, attack, defense, magic, difficulty, idType) VALUES (136, 'Twitch', 'Semeur de peste', 'Rat de Zaun, pesteux de naissance, connaisseur en saleté par passion, Twitch n''a pas peur de se salir les pattes. Armé d''une arbalète chimique qu''il pointe droit sur le cœur de Piltover, Twitch s''est juré de montrer aux gens de la surface à quel point...', 9, 2, 3, 6, 4);
INSERT INTO Champion_Roles (idChampion, idRole) VALUES (136, 2);
INSERT INTO Champions (idChampion, nomChampion, title, blurb, attack, defense, magic, difficulty, idType) VALUES (137, 'Udyr', 'Gardien des esprits', 'Udyr est le plus puissant des Gardiens des esprits, il communie avec l''ensemble des esprits qui habitent Freljord. Il comprend leurs besoins avec empathie et il est capable de canaliser et de transformer leur énergie éthérée pour alimenter son propre...', 8, 7, 4, 7, 1);
INSERT INTO Champion_Roles (idChampion, idRole) VALUES (137, 2);
INSERT INTO Champion_Roles (idChampion, idRole) VALUES (137, 5);
INSERT INTO Champions (idChampion, nomChampion, title, blurb, attack, defense, magic, difficulty, idType) VALUES (138, 'Urgot', 'Broyeur', 'Autrefois, Urgot était un puissant bourreau noxien. Il fut trahi par l''empire pour lequel il avait tant tué. Ceint de chaînes de fer, il fut contraint d''apprendre le vrai sens de la force dans les Oubliettes, une mine de forçats située dans les...', 8, 5, 3, 8, 1);
INSERT INTO Champion_Roles (idChampion, idRole) VALUES (138, 2);
INSERT INTO Champion_Roles (idChampion, idRole) VALUES (138, 5);
INSERT INTO Champions (idChampion, nomChampion, title, blurb, attack, defense, magic, difficulty, idType) VALUES (139, 'Varus', 'Flèche de la vengeance', 'Membre de la race antique des Darkin, Varus était en son temps un assassin cruel qui aimait torturer ses ennemis, les conduisant jusqu''aux portes de la folie avant de les achever d''une flèche. À la fin de la Guerre des Darkin, il fut emprisonné. Des...', 7, 3, 4, 2, 2);
INSERT INTO Champion_Roles (idChampion, idRole) VALUES (139, 5);
INSERT INTO Champions (idChampion, nomChampion, title, blurb, attack, defense, magic, difficulty, idType) VALUES (140, 'Vayne', 'Chasseresse nocturne', 'Shauna Vayne est une chasseuse de monstres mortelle et sans scrupule. Originaire de Demacia, elle voue sa vie à la destruction du démon qui a assassiné sa famille. Armée d''une arbalète montée sur son poignet et dotée d''un cœur rongé par le désir de...', 10, 1, 1, 8, 4);
INSERT INTO Champion_Roles (idChampion, idRole) VALUES (140, 2);
INSERT INTO Champions (idChampion, nomChampion, title, blurb, attack, defense, magic, difficulty, idType) VALUES (141, 'Veigar', 'Seigneur des maléfices', 'Maître enthousiaste de la magie noire, Veigar s''est approprié des pouvoirs que peu de mortels osent approcher. Habitant de Bandle à l''esprit libre, il veut repousser les limites de la magie yordle et se tourner vers les textes arcaniques qui sont restés...', 2, 2, 10, 7, 2);
INSERT INTO Champion_Roles (idChampion, idRole) VALUES (141, 5);
INSERT INTO Champions (idChampion, nomChampion, title, blurb, attack, defense, magic, difficulty, idType) VALUES (142, 'Vel''Koz', 'Œil du Néant', 'On ne sait pas trop si Vel''Koz fut le premier monstre du Néant à émerger à Runeterra, mais il est certain qu''aucun autre n''a jamais égalé la froideur calculatrice de sa cruauté. Alors que ses semblables dévorent ou profanent tout ce qui les entoure, il...', 2, 2, 10, 8, 2);
INSERT INTO Champion_Roles (idChampion, idRole) VALUES (142, 5);
INSERT INTO Champions (idChampion, nomChampion, title, blurb, attack, defense, magic, difficulty, idType) VALUES (143, 'Vex', 'Ombre du désespoir', 'Au cœur des terribles Îles obscures et de leur brume spectrale, une yordle solitaire se complaît dans son malheur. Vex se protège de la gaieté, de l''excitation et des gens « normaux » dont le monde extérieur regorge grâce à une dose inépuisable...', 0, 0, 0, 0, 2);
INSERT INTO Champion_Roles (idChampion, idRole) VALUES (143, 5);
INSERT INTO Champions (idChampion, nomChampion, title, blurb, attack, defense, magic, difficulty, idType) VALUES (144, 'Vi', 'Cogne de Piltover', 'Autrefois criminelle des quartiers louches de Zaun, Vi est une femme sans peur, mais pas sans reproche, au tempérament bouillant, impulsive, qui n''a qu''un respect mesuré pour les représentants de l''autorité. Vi a grandi seule et a développé d''excellents...', 8, 5, 3, 4, 4);
INSERT INTO Champion_Roles (idChampion, idRole) VALUES (144, 2);
INSERT INTO Champions (idChampion, nomChampion, title, blurb, attack, defense, magic, difficulty, idType) VALUES (145, 'Viego', 'Roi déchu', 'Autrefois souverain d''un royaume perdu depuis longtemps, Viego mourut il y a plus de mille ans lorsqu''il tenta de ramener sa femme d''entre les morts. Cela causa la catastrophe magique connue sous le nom de la Ruine. Devenu un puissant spectre torturé...', 6, 4, 2, 5, 4);
INSERT INTO Champion_Roles (idChampion, idRole) VALUES (145, 2);
INSERT INTO Champions (idChampion, nomChampion, title, blurb, attack, defense, magic, difficulty, idType) VALUES (146, 'Viktor', 'Héraut des machines', 'Héraut d''un nouvel âge de technologie, Viktor a consacré sa vie aux progrès de l''humanité. Idéaliste cherchant à hisser le peuple de Zaun à de nouveaux sommets de compréhension, il pense que le potentiel de l''humanité ne pourra être réalisé que par le...', 2, 4, 10, 9, 2);
INSERT INTO Champion_Roles (idChampion, idRole) VALUES (146, 5);
INSERT INTO Champions (idChampion, nomChampion, title, blurb, attack, defense, magic, difficulty, idType) VALUES (147, 'Vladimir', 'Saigneur pourpre', 'Assoiffé de sang humain, Vladimir influe sur la politique de Noxus depuis les premiers jours de l''empire. En plus d''allonger surnaturellement sa vie, sa maîtrise de l''hémomancie lui permet de contrôler les esprits et les corps des autres aussi aisément...', 2, 6, 8, 7, 2);
INSERT INTO Champion_Roles (idChampion, idRole) VALUES (147, 5);
INSERT INTO Champions (idChampion, nomChampion, title, blurb, attack, defense, magic, difficulty, idType) VALUES (148, 'Volibear', 'Tempête impitoyable', 'Pour ceux qui le vénèrent encore, Volibear est l''incarnation de la tempête. Destructeur, sauvage et déterminé, il existait bien avant que les mortels n''arpentent la toundra de Freljord ; désormais, il défend férocement les terres qu''il a créées avec sa...', 7, 7, 4, 3, 1);
INSERT INTO Champion_Roles (idChampion, idRole) VALUES (148, 2);
INSERT INTO Champion_Roles (idChampion, idRole) VALUES (148, 5);
INSERT INTO Champions (idChampion, nomChampion, title, blurb, attack, defense, magic, difficulty, idType) VALUES (149, 'Warwick', 'Fureur déchaînée de Zaun', 'Warwick est un monstre qui chasse dans les rues grisâtres de Zaun. Transformé par des expériences horribles, son corps est désormais muni d''un système intriqué de chambres et de pompes qui injecte une rage alchimique dans ses veines. Surgissant des...', 9, 5, 3, 3, 1);
INSERT INTO Champion_Roles (idChampion, idRole) VALUES (149, 2);
INSERT INTO Champion_Roles (idChampion, idRole) VALUES (149, 5);
INSERT INTO Champions (idChampion, nomChampion, title, blurb, attack, defense, magic, difficulty, idType) VALUES (150, 'Xayah', 'Rebelle', 'Précise et meurtrière, Xayah est une révolutionnaire vastaya menant une guerre personnelle dans le but de sauver son peuple. Elle se sert de sa célérité, de sa ruse et de ses plumes tranchantes comme des rasoirs pour terrasser tous ceux qui se dressent...', 10, 6, 1, 5, NULL);
INSERT INTO Champion_Roles (idChampion, idRole) VALUES (150, 5);
INSERT INTO Champions (idChampion, nomChampion, title, blurb, attack, defense, magic, difficulty, idType) VALUES (151, 'Xerath', 'Mage suprême', 'Xerath est un mage transfiguré de la Shurima antique, un être d''énergie arcanique habitant les fragments détruits d''un sarcophage magique. Pendant des millénaires, il est resté prisonnier des sables du désert, mais le retour de Shurima l''a libéré de sa...', 1, 3, 10, 8, 2);
INSERT INTO Champion_Roles (idChampion, idRole) VALUES (151, 5);
INSERT INTO Champions (idChampion, nomChampion, title, blurb, attack, defense, magic, difficulty, idType) VALUES (152, 'Xin Zhao', 'Sénéchal de Demacia', 'Xin Zhao est un guerrier résolu qui sert fidèlement la dynastie régnante des Lightshield. Naguère condamné à se battre dans les arènes de combat de Noxus, il survécut à d''innombrables rencontres de gladiateurs. Mais après avoir été libéré par les forces...', 8, 6, 3, 2, 4);
INSERT INTO Champion_Roles (idChampion, idRole) VALUES (152, 2);
INSERT INTO Champions (idChampion, nomChampion, title, blurb, attack, defense, magic, difficulty, idType) VALUES (153, 'Yasuo', 'Disgracié', 'L''Ionien Yasuo est un épéiste agile et résolu, capable de déchaîner contre ses ennemis la puissance de l''air. Alors qu''il était encore un jeune homme fier, il fut accusé à tort d''avoir assassiné son maître. Incapable de prouver son innocence, il dut...', 8, 4, 4, 10, 4);
INSERT INTO Champion_Roles (idChampion, idRole) VALUES (153, 2);
INSERT INTO Champions (idChampion, nomChampion, title, blurb, attack, defense, magic, difficulty, idType) VALUES (154, 'Yone', 'Inoublié', 'Au cours de sa vie, Yone fut le demi-frère de Yasuo et un disciple renommé de l''école d''armes de son village. Mais après avoir été tué par son propre frère, il se retrouva hanté par une entité malveillante dans le royaume spirituel. Il dut la tuer avec...', 8, 4, 4, 8, 4);
INSERT INTO Champion_Roles (idChampion, idRole) VALUES (154, 2);
INSERT INTO Champions (idChampion, nomChampion, title, blurb, attack, defense, magic, difficulty, idType) VALUES (155, 'Yorick', 'Berger des âmes', 'Yorick est le dernier survivant d''un ordre religieux disparu depuis longtemps et son pouvoir sur les morts est à la fois une bénédiction et une malédiction. Prisonnier des Îles obscures, il n''a pour compagnons que les cadavres pourrissants et les...', 6, 6, 4, 6, 1);
INSERT INTO Champion_Roles (idChampion, idRole) VALUES (155, 2);
INSERT INTO Champion_Roles (idChampion, idRole) VALUES (155, 5);
INSERT INTO Champions (idChampion, nomChampion, title, blurb, attack, defense, magic, difficulty, idType) VALUES (156, 'Yuumi', 'Gardienne du Grimoire', 'Originaire de Bandle, Yuumi est un familier magique dont la maîtresse, une enchanteresse yordle du nom de Norra, a mystérieusement disparu. Yuumi est désormais la gardienne du Grimoire des Seuils que possédait Norra, un livre permettant de franchir des...', 5, 1, 8, 2, 6);
INSERT INTO Champion_Roles (idChampion, idRole) VALUES (156, 5);
INSERT INTO Champions (idChampion, nomChampion, title, blurb, attack, defense, magic, difficulty, idType) VALUES (157, 'Zac', 'Arme secrète', 'Zac est le produit d''une fuite toxique qui, dégoulinant par une veine techno-chimique, se transforma en bassin dans une profonde caverne du Puisard de Zaun. En dépit de ses humbles origines, Zac a évolué pour passer du stade de dépôt primordial à celui...', 3, 7, 7, 8, 1);
INSERT INTO Champion_Roles (idChampion, idRole) VALUES (157, 2);
INSERT INTO Champion_Roles (idChampion, idRole) VALUES (157, 5);
INSERT INTO Champions (idChampion, nomChampion, title, blurb, attack, defense, magic, difficulty, idType) VALUES (158, 'Zed', 'Maître des ombres', 'L''impitoyable Zed est le maître de l''Ordre de l''ombre, une organisation qu''il a créée dans l''intention de militariser la tradition des arts martiaux d''Ionia et de chasser enfin les envahisseurs noxiens. Pendant la guerre, le désespoir le conduisit à...', 9, 2, 1, 7, 4);
INSERT INTO Champion_Roles (idChampion, idRole) VALUES (158, 2);
INSERT INTO Champions (idChampion, nomChampion, title, blurb, attack, defense, magic, difficulty, idType) VALUES (159, 'Zeri', 'Étincelle de Zaun', 'Zeri est une jeune femme vive et téméraire originaire des quartiers défavorisés de Zaun. Elle canalise son électricité intérieure afin de la charger dans un fusil conçu spécialement pour elle. Son pouvoir magique est le reflet de ses émotions, et ses...', 8, 5, 3, 6, NULL);
INSERT INTO Champion_Roles (idChampion, idRole) VALUES (159, 5);
INSERT INTO Champions (idChampion, nomChampion, title, blurb, attack, defense, magic, difficulty, idType) VALUES (160, 'Ziggs', 'Expert des Hexplosifs', 'Amoureux des grosses bombes et des mèches courtes, le yordle Ziggs est une force de la nature explosive. Assistant d''un inventeur de Piltover, il finit par se lasser de sa vie routinière et devint l''ami d''une jeune fille imprévisible et portée sur les...', 2, 4, 9, 4, 2);
INSERT INTO Champion_Roles (idChampion, idRole) VALUES (160, 5);
INSERT INTO Champions (idChampion, nomChampion, title, blurb, attack, defense, magic, difficulty, idType) VALUES (161, 'Zilean', 'Gardien du Temps', 'Naguère puissant mage d''Icathia, Zilean devint obsédé par le passage du temps après avoir assisté à la destruction de sa terre natale par le Néant. Refusant de perdre une minute à pleurer sur les décombres, il fit appel à une antique force magique...', 2, 5, 8, 6, 6);
INSERT INTO Champion_Roles (idChampion, idRole) VALUES (161, 5);
INSERT INTO Champions (idChampion, nomChampion, title, blurb, attack, defense, magic, difficulty, idType) VALUES (162, 'Zoé', 'Manifestation du Crépuscule', 'Incarnation de l''espièglerie, de l''imagination et de l''inconstance, Zoé est une messagère cosmique de Targon, annonciatrice des grands événements qui chamboulent les mondes. Sa simple présence distord les règles mathématiques qui gouvernent dans l''ombre...', 1, 7, 8, 5, 2);
INSERT INTO Champion_Roles (idChampion, idRole) VALUES (162, 5);
INSERT INTO Champions (idChampion, nomChampion, title, blurb, attack, defense, magic, difficulty, idType) VALUES (163, 'Zyra', 'Dame aux ronces', 'Née au cours d''une ancienne catastrophe magique, Zyra est la colère de la nature incarnée : mélange de plante et d''humain, faisant émerger de nouvelles pousses à chaque pas. Elle considère les nombreux mortels de Valoran comme de simples proies pour sa...', 4, 3, 8, 7, 2);
INSERT INTO Champion_Roles (idChampion, idRole) VALUES (163, 5);
